name,style,filename,url
Jenny,Default,5d770ed8-5052-4824-b89b-33accd3d2ef2.wav,https://cvoiceprodeus.blob.core.windows.net/acc-public-files/285eecc3370e47dcb1a3263c3b6de892/5d770ed8-5052-4824-b89b-33accd3d2ef2.wav
Jenny,Assistant,aee67455-dc26-4ddd-91b7-837f45b94569.wav,https://cvoiceprodeus.blob.core.windows.net/acc-public-files/285eecc3370e47dcb1a3263c3b6de892/aee67455-dc26-4ddd-91b7-837f45b94569.wav
Jenny,Chat,fbc525dc-fd0d-402b-9394-3f96dd32d0ea.wav,https://cvoiceprodeus.blob.core.windows.net/acc-public-files/285eecc3370e47dcb1a3263c3b6de892/fbc525dc-fd0d-402b-9394-3f96dd32d0ea.wav
Jenny,Customer service,b1649916-b878-424c-862c-7bfdca731baf.wav,https://cvoiceprodeus.blob.core.windows.net/acc-public-files/285eecc3370e47dcb1a3263c3b6de892/b1649916-b878-424c-862c-7bfdca731baf.wav
Jenny,Newscast,7934b91e-b4a2-46a2-bfaa-4ba41ccfc8f6.wav,https://cvoiceprodeus.blob.core.windows.net/acc-public-files/285eecc3370e47dcb1a3263c3b6de892/7934b91e-b4a2-46a2-bfaa-4ba41ccfc8f6.wav
Jenny,Angry,7e278ea9-6d1e-458c-aa82-2ee9ef9b2c92.wav,https://cvoiceprodeus.blob.core.windows.net/acc-public-files/285eecc3370e47dcb1a3263c3b6de892/7e278ea9-6d1e-458c-aa82-2ee9ef9b2c92.wav
Jenny,Cheerful,7b13f036-2916-4df4-a800-c0fd9ae88ff7.wav,https://cvoiceprodeus.blob.core.windows.net/acc-public-files/285eecc3370e47dcb1a3263c3b6de892/7b13f036-2916-4df4-a800-c0fd9ae88ff7.wav
Jenny,Sad,fcbca739-106b-4fa5-9203-ba6d95f66553.wav,https://cvoiceprodeus.blob.core.windows.net/acc-public-files/285eecc3370e47dcb1a3263c3b6de892/fcbca739-106b-4fa5-9203-ba6d95f66553.wav
Jenny,Excited,de5dc339-16c2-4e54-ab8f-d9b2dc0d39df.wav,https://cvoiceprodeus.blob.core.windows.net/acc-public-files/285eecc3370e47dcb1a3263c3b6de892/de5dc339-16c2-4e54-ab8f-d9b2dc0d39df.wav
Jenny,Friendly,0923eb70-a9ca-453d-9726-7d0d626a379c.wav,https://cvoiceprodeus.blob.core.windows.net/acc-public-files/285eecc3370e47dcb1a3263c3b6de892/0923eb70-a9ca-453d-9726-7d0d626a379c.wav
Jenny,Terrified,cd37c62d-b82a-4a68-b4b3-51d95cc43b76.wav,https://cvoiceprodeus.blob.core.windows.net/acc-public-files/285eecc3370e47dcb1a3263c3b6de892/cd37c62d-b82a-4a68-b4b3-51d95cc43b76.wav
Jenny,Shouting,c3210976-8038-4c3d-ab2f-78ffcab14bbc.wav,https://cvoiceprodeus.blob.core.windows.net/acc-public-files/285eecc3370e47dcb1a3263c3b6de892/c3210976-8038-4c3d-ab2f-78ffcab14bbc.wav
Jenny,Unfriendly,5953e468-4e37-4bf1-b4a3-024cfcb488d5.wav,https://cvoiceprodeus.blob.core.windows.net/acc-public-files/285eecc3370e47dcb1a3263c3b6de892/5953e468-4e37-4bf1-b4a3-024cfcb488d5.wav
Jenny,Whispering,5b584574-8373-4cd7-93cf-b8c52710869b.wav,https://cvoiceprodeus.blob.core.windows.net/acc-public-files/285eecc3370e47dcb1a3263c3b6de892/5b584574-8373-4cd7-93cf-b8c52710869b.wav
Jenny,Hopeful,46183069-dd5a-4634-ab4e-1b98166cc7b9.wav,https://cvoiceprodeus.blob.core.windows.net/acc-public-files/285eecc3370e47dcb1a3263c3b6de892/46183069-dd5a-4634-ab4e-1b98166cc7b9.wav
Guy,Default,87a4bc69-936b-4071-82e3-ca0685ac6f72.wav,https://cvoiceprodeus.blob.core.windows.net/acc-public-files/285eecc3370e47dcb1a3263c3b6de892/87a4bc69-936b-4071-82e3-ca0685ac6f72.wav
Guy,Newscast,59c9d3f7-ee79-4c67-b5dc-3633e3ceda68.wav,https://cvoiceprodeus.blob.core.windows.net/acc-public-files/285eecc3370e47dcb1a3263c3b6de892/59c9d3f7-ee79-4c67-b5dc-3633e3ceda68.wav
Guy,Angry,1769dd77-1b17-42d7-a5c1-30dc609335c6.wav,https://cvoiceprodeus.blob.core.windows.net/acc-public-files/285eecc3370e47dcb1a3263c3b6de892/1769dd77-1b17-42d7-a5c1-30dc609335c6.wav
Guy,Cheerful,4cd99871-2769-43e5-a2a8-d46c7c064d62.wav,https://cvoiceprodeus.blob.core.windows.net/acc-public-files/285eecc3370e47dcb1a3263c3b6de892/4cd99871-2769-43e5-a2a8-d46c7c064d62.wav
Guy,Sad,4150765f-9a93-40cd-a1a9-4fe0c0e96518.wav,https://cvoiceprodeus.blob.core.windows.net/acc-public-files/285eecc3370e47dcb1a3263c3b6de892/4150765f-9a93-40cd-a1a9-4fe0c0e96518.wav
Guy,Excited,0f37e4a0-2bc9-4277-b680-7e436c7cc2e9.wav,https://cvoiceprodeus.blob.core.windows.net/acc-public-files/285eecc3370e47dcb1a3263c3b6de892/0f37e4a0-2bc9-4277-b680-7e436c7cc2e9.wav
Guy,Friendly,797f0fee-b480-4d56-ba27-be7778c97f96.wav,https://cvoiceprodeus.blob.core.windows.net/acc-public-files/285eecc3370e47dcb1a3263c3b6de892/797f0fee-b480-4d56-ba27-be7778c97f96.wav
Guy,Terrified,c61fa6bb-03e6-41b1-aeaa-422356ed5e88.wav,https://cvoiceprodeus.blob.core.windows.net/acc-public-files/285eecc3370e47dcb1a3263c3b6de892/c61fa6bb-03e6-41b1-aeaa-422356ed5e88.wav
Guy,Shouting,93836c70-7d87-456e-958d-145b656b92d1.wav,https://cvoiceprodeus.blob.core.windows.net/acc-public-files/285eecc3370e47dcb1a3263c3b6de892/93836c70-7d87-456e-958d-145b656b92d1.wav
Guy,Unfriendly,4be20f4c-31cf-4ef8-9583-12bd97612922.wav,https://cvoiceprodeus.blob.core.windows.net/acc-public-files/285eecc3370e47dcb1a3263c3b6de892/4be20f4c-31cf-4ef8-9583-12bd97612922.wav
Guy,Whispering,25c17505-8dfa-47d6-b5db-f5122c0e6c62.wav,https://cvoiceprodeus.blob.core.windows.net/acc-public-files/285eecc3370e47dcb1a3263c3b6de892/25c17505-8dfa-47d6-b5db-f5122c0e6c62.wav
Guy,Hopeful,4e92270a-d7d7-4441-a3c0-487fa637e5ac.wav,https://cvoiceprodeus.blob.core.windows.net/acc-public-files/285eecc3370e47dcb1a3263c3b6de892/4e92270a-d7d7-4441-a3c0-487fa637e5ac.wav
Aria,Default,3f09f9b9-2166-4ec0-ae19-68274f756eb5.wav,https://cvoiceprodeus.blob.core.windows.net/acc-public-files/285eecc3370e47dcb1a3263c3b6de892/3f09f9b9-2166-4ec0-ae19-68274f756eb5.wav
Aria,Chat,2921c8cd-3426-4b1c-88c7-d5548864bc05.wav,https://cvoiceprodeus.blob.core.windows.net/acc-public-files/285eecc3370e47dcb1a3263c3b6de892/2921c8cd-3426-4b1c-88c7-d5548864bc05.wav
Aria,Customer service,e4ee3741-8d97-4fcf-9e0c-43149437185e.wav,https://cvoiceprodeus.blob.core.windows.net/acc-public-files/285eecc3370e47dcb1a3263c3b6de892/e4ee3741-8d97-4fcf-9e0c-43149437185e.wav
Aria,Narration - professional,e78bc222-f858-4cc3-b11d-89f9fd1b2991.wav,https://cvoiceprodeus.blob.core.windows.net/acc-public-files/285eecc3370e47dcb1a3263c3b6de892/e78bc222-f858-4cc3-b11d-89f9fd1b2991.wav
Aria,Newscast - casual,b9398929-0ab7-4f53-aa12-f3daf3d29e9e.wav,https://cvoiceprodeus.blob.core.windows.net/acc-public-files/285eecc3370e47dcb1a3263c3b6de892/b9398929-0ab7-4f53-aa12-f3daf3d29e9e.wav
Aria,Newscast - formal,f9a5308a-210c-4cc1-8abb-37834d375515.wav,https://cvoiceprodeus.blob.core.windows.net/acc-public-files/285eecc3370e47dcb1a3263c3b6de892/f9a5308a-210c-4cc1-8abb-37834d375515.wav
Aria,Cheerful,46b1fbc7-ff66-4208-b938-68d1d4fa750f.wav,https://cvoiceprodeus.blob.core.windows.net/acc-public-files/285eecc3370e47dcb1a3263c3b6de892/46b1fbc7-ff66-4208-b938-68d1d4fa750f.wav
Aria,Empathetic,fe188bae-f740-4618-b413-0d4b80524e98.wav,https://cvoiceprodeus.blob.core.windows.net/acc-public-files/285eecc3370e47dcb1a3263c3b6de892/fe188bae-f740-4618-b413-0d4b80524e98.wav
Aria,Angry,e62658a7-8743-4ea8-87f3-1376908c62fb.wav,https://cvoiceprodeus.blob.core.windows.net/acc-public-files/285eecc3370e47dcb1a3263c3b6de892/e62658a7-8743-4ea8-87f3-1376908c62fb.wav
Aria,Sad,018405d9-ee03-439d-bef6-0ca0776b4aa8.wav,https://cvoiceprodeus.blob.core.windows.net/acc-public-files/285eecc3370e47dcb1a3263c3b6de892/018405d9-ee03-439d-bef6-0ca0776b4aa8.wav
Aria,Excited,abc563b1-ff09-4d5a-919e-9c58e840a21b.wav,https://cvoiceprodeus.blob.core.windows.net/acc-public-files/285eecc3370e47dcb1a3263c3b6de892/abc563b1-ff09-4d5a-919e-9c58e840a21b.wav
Aria,Friendly,02d3c626-dc3e-46fd-a3e5-31ea2de4d79c.wav,https://cvoiceprodeus.blob.core.windows.net/acc-public-files/285eecc3370e47dcb1a3263c3b6de892/02d3c626-dc3e-46fd-a3e5-31ea2de4d79c.wav
Aria,Terrified,96987928-bfdd-4fc5-b305-7fcd543ab618.wav,https://cvoiceprodeus.blob.core.windows.net/acc-public-files/285eecc3370e47dcb1a3263c3b6de892/96987928-bfdd-4fc5-b305-7fcd543ab618.wav
Aria,Shouting,89c0d767-d7ce-4eac-816b-4d1fcde6bddb.wav,https://cvoiceprodeus.blob.core.windows.net/acc-public-files/285eecc3370e47dcb1a3263c3b6de892/89c0d767-d7ce-4eac-816b-4d1fcde6bddb.wav
Aria,Unfriendly,5461cb4e-15e6-434c-9e9a-1f75754c145a.wav,https://cvoiceprodeus.blob.core.windows.net/acc-public-files/285eecc3370e47dcb1a3263c3b6de892/5461cb4e-15e6-434c-9e9a-1f75754c145a.wav
Aria,Whispering,ec65b0df-d8f8-4278-8bbb-2e0728eeceba.wav,https://cvoiceprodeus.blob.core.windows.net/acc-public-files/285eecc3370e47dcb1a3263c3b6de892/ec65b0df-d8f8-4278-8bbb-2e0728eeceba.wav
Aria,Hopeful,21eabe62-c583-4a10-ad42-9021ae3cdfbe.wav,https://cvoiceprodeus.blob.core.windows.net/acc-public-files/285eecc3370e47dcb1a3263c3b6de892/21eabe62-c583-4a10-ad42-9021ae3cdfbe.wav
Davis,Default,109a0a29-cdc3-4d23-af3e-87e708e4e3b9.wav,https://cvoiceprodeus.blob.core.windows.net/acc-public-files/285eecc3370e47dcb1a3263c3b6de892/109a0a29-cdc3-4d23-af3e-87e708e4e3b9.wav
Davis,Chat,80efd73b-9489-473c-a6ea-b275db45bde7.wav,https://cvoiceprodeus.blob.core.windows.net/acc-public-files/285eecc3370e47dcb1a3263c3b6de892/80efd73b-9489-473c-a6ea-b275db45bde7.wav
Davis,Angry,c88e1255-09de-4766-9a7e-1615ae82d9ef.wav,https://cvoiceprodeus.blob.core.windows.net/acc-public-files/285eecc3370e47dcb1a3263c3b6de892/c88e1255-09de-4766-9a7e-1615ae82d9ef.wav
Davis,Cheerful,0a68e6b7-14b2-4c9e-8626-544a598c3f9a.wav,https://cvoiceprodeus.blob.core.windows.net/acc-public-files/285eecc3370e47dcb1a3263c3b6de892/0a68e6b7-14b2-4c9e-8626-544a598c3f9a.wav
Davis,Excited,96af3993-dcb6-4fd6-8659-e997120b9d3d.wav,https://cvoiceprodeus.blob.core.windows.net/acc-public-files/285eecc3370e47dcb1a3263c3b6de892/96af3993-dcb6-4fd6-8659-e997120b9d3d.wav
Davis,Friendly,df71b1ab-7626-4c34-a048-bc7cf4801efe.wav,https://cvoiceprodeus.blob.core.windows.net/acc-public-files/285eecc3370e47dcb1a3263c3b6de892/df71b1ab-7626-4c34-a048-bc7cf4801efe.wav
Davis,Hopeful,fa45dd7e-272d-497a-aff4-f8941d7c729a.wav,https://cvoiceprodeus.blob.core.windows.net/acc-public-files/285eecc3370e47dcb1a3263c3b6de892/fa45dd7e-272d-497a-aff4-f8941d7c729a.wav
Davis,Sad,d21c9a7f-bcdb-4aeb-bdff-98e5c2b8e888.wav,https://cvoiceprodeus.blob.core.windows.net/acc-public-files/285eecc3370e47dcb1a3263c3b6de892/d21c9a7f-bcdb-4aeb-bdff-98e5c2b8e888.wav
Davis,Shouting,432bfe93-2d2c-49af-aa2e-0afeed24e87b.wav,https://cvoiceprodeus.blob.core.windows.net/acc-public-files/285eecc3370e47dcb1a3263c3b6de892/432bfe93-2d2c-49af-aa2e-0afeed24e87b.wav
Davis,Terrified,32e87865-5498-4411-b42e-08a93a7988f6.wav,https://cvoiceprodeus.blob.core.windows.net/acc-public-files/285eecc3370e47dcb1a3263c3b6de892/32e87865-5498-4411-b42e-08a93a7988f6.wav
Davis,Unfriendly,544eea89-f532-46fd-a209-6508ff09ca95.wav,https://cvoiceprodeus.blob.core.windows.net/acc-public-files/285eecc3370e47dcb1a3263c3b6de892/544eea89-f532-46fd-a209-6508ff09ca95.wav
Davis,Whispering,9f240559-0470-4f0f-919d-e3e3f362478f.wav,https://cvoiceprodeus.blob.core.windows.net/acc-public-files/285eecc3370e47dcb1a3263c3b6de892/9f240559-0470-4f0f-919d-e3e3f362478f.wav
Amber,Default,59ebd540-5016-41d4-bd1d-103bea1f107b.wav,https://cvoiceprodeus.blob.core.windows.net/acc-public-files/285eecc3370e47dcb1a3263c3b6de892/59ebd540-5016-41d4-bd1d-103bea1f107b.wav
Ana,Default,283de74a-6c56-4ef9-b04d-127017a1fc11.wav,https://cvoiceprodeus.blob.core.windows.net/acc-public-files/285eecc3370e47dcb1a3263c3b6de892/283de74a-6c56-4ef9-b04d-127017a1fc11.wav
Andrew,Default,c8ec8809-a42b-4247-b348-083b89550345.wav,https://cvoiceprodeus.blob.core.windows.net/acc-public-files/285eecc3370e47dcb1a3263c3b6de892/c8ec8809-a42b-4247-b348-083b89550345.wav
Ashley,Default,014d82ff-4de3-4fe1-9d1a-ca6b9ab2b373.wav,https://cvoiceprodeus.blob.core.windows.net/acc-public-files/285eecc3370e47dcb1a3263c3b6de892/014d82ff-4de3-4fe1-9d1a-ca6b9ab2b373.wav
Brandon,Default,76d6e0e0-c02c-440d-8dd1-5dc0a9e25f7e.wav,https://cvoiceprodeus.blob.core.windows.net/acc-public-files/285eecc3370e47dcb1a3263c3b6de892/76d6e0e0-c02c-440d-8dd1-5dc0a9e25f7e.wav
Brian,Default,0a75e699-4eaf-423a-a951-75f9789b5aa0.wav,https://cvoiceprodeus.blob.core.windows.net/acc-public-files/285eecc3370e47dcb1a3263c3b6de892/0a75e699-4eaf-423a-a951-75f9789b5aa0.wav
Christopher,Default,ad7ce0cb-875b-4c29-b665-79be636947f7.wav,https://cvoiceprodeus.blob.core.windows.net/acc-public-files/285eecc3370e47dcb1a3263c3b6de892/ad7ce0cb-875b-4c29-b665-79be636947f7.wav
Cora,Default,101c74c8-1748-48ac-93b8-1f4ba0d53e8b.wav,https://cvoiceprodeus.blob.core.windows.net/acc-public-files/285eecc3370e47dcb1a3263c3b6de892/101c74c8-1748-48ac-93b8-1f4ba0d53e8b.wav
Elizabeth,Default,94057ded-be71-4c12-9b37-2e2b5a222c9b.wav,https://cvoiceprodeus.blob.core.windows.net/acc-public-files/285eecc3370e47dcb1a3263c3b6de892/94057ded-be71-4c12-9b37-2e2b5a222c9b.wav
Emma,Default,b732eb69-ef8c-4b84-8078-933ef99b76ab.wav,https://cvoiceprodeus.blob.core.windows.net/acc-public-files/285eecc3370e47dcb1a3263c3b6de892/b732eb69-ef8c-4b84-8078-933ef99b76ab.wav
Eric,Default,c04ba304-5101-4e19-a51d-fb2e9bc832ab.wav,https://cvoiceprodeus.blob.core.windows.net/acc-public-files/285eecc3370e47dcb1a3263c3b6de892/c04ba304-5101-4e19-a51d-fb2e9bc832ab.wav
Jacob,Default,21121919-ba51-494c-b27a-91349817d40f.wav,https://cvoiceprodeus.blob.core.windows.net/acc-public-files/285eecc3370e47dcb1a3263c3b6de892/21121919-ba51-494c-b27a-91349817d40f.wav
Jane,Default,161b3a13-0291-4eba-8f82-cb685a027cf9.wav,https://cvoiceprodeus.blob.core.windows.net/acc-public-files/285eecc3370e47dcb1a3263c3b6de892/161b3a13-0291-4eba-8f82-cb685a027cf9.wav
Jane,Angry,65853529-5194-42ea-ae8c-90089361867f.wav,https://cvoiceprodeus.blob.core.windows.net/acc-public-files/285eecc3370e47dcb1a3263c3b6de892/65853529-5194-42ea-ae8c-90089361867f.wav
Jane,Cheerful,830f24bb-c3eb-4696-9bb1-beb3138f7572.wav,https://cvoiceprodeus.blob.core.windows.net/acc-public-files/285eecc3370e47dcb1a3263c3b6de892/830f24bb-c3eb-4696-9bb1-beb3138f7572.wav
Jane,Excited,e05c0d8f-74ba-4160-9e0a-8bfab8eecedd.wav,https://cvoiceprodeus.blob.core.windows.net/acc-public-files/285eecc3370e47dcb1a3263c3b6de892/e05c0d8f-74ba-4160-9e0a-8bfab8eecedd.wav
Jane,Friendly,2cc120eb-8843-429d-b3d4-59f6b4d5fc78.wav,https://cvoiceprodeus.blob.core.windows.net/acc-public-files/285eecc3370e47dcb1a3263c3b6de892/2cc120eb-8843-429d-b3d4-59f6b4d5fc78.wav
Jane,Hopeful,3c5dbdfb-cefa-4590-bfd3-56eafd5b7698.wav,https://cvoiceprodeus.blob.core.windows.net/acc-public-files/285eecc3370e47dcb1a3263c3b6de892/3c5dbdfb-cefa-4590-bfd3-56eafd5b7698.wav
Jane,Sad,2903b825-0df1-409a-89b8-2151e170647b.wav,https://cvoiceprodeus.blob.core.windows.net/acc-public-files/285eecc3370e47dcb1a3263c3b6de892/2903b825-0df1-409a-89b8-2151e170647b.wav
Jane,Shouting,29e03e5f-1a40-4913-823b-f85182cbeba7.wav,https://cvoiceprodeus.blob.core.windows.net/acc-public-files/285eecc3370e47dcb1a3263c3b6de892/29e03e5f-1a40-4913-823b-f85182cbeba7.wav
Jane,Terrified,4db8c75e-26d1-47ce-8abd-8cad89c0d35e.wav,https://cvoiceprodeus.blob.core.windows.net/acc-public-files/285eecc3370e47dcb1a3263c3b6de892/4db8c75e-26d1-47ce-8abd-8cad89c0d35e.wav
Jane,Unfriendly,99879d05-2627-4108-9787-9bedb755580c.wav,https://cvoiceprodeus.blob.core.windows.net/acc-public-files/285eecc3370e47dcb1a3263c3b6de892/99879d05-2627-4108-9787-9bedb755580c.wav
Jane,Whispering,32770359-6bd0-47ce-a261-00deed884d0a.wav,https://cvoiceprodeus.blob.core.windows.net/acc-public-files/285eecc3370e47dcb1a3263c3b6de892/32770359-6bd0-47ce-a261-00deed884d0a.wav
Jason,Default,c73766e0-03e5-472f-98bc-382892dfb14b.wav,https://cvoiceprodeus.blob.core.windows.net/acc-public-files/285eecc3370e47dcb1a3263c3b6de892/c73766e0-03e5-472f-98bc-382892dfb14b.wav
Jason,Angry,1a53a177-188b-4fbd-b22f-d85464d13873.wav,https://cvoiceprodeus.blob.core.windows.net/acc-public-files/285eecc3370e47dcb1a3263c3b6de892/1a53a177-188b-4fbd-b22f-d85464d13873.wav
Jason,Cheerful,8ef1aa8a-005c-4bf4-8266-e44bca3f7059.wav,https://cvoiceprodeus.blob.core.windows.net/acc-public-files/285eecc3370e47dcb1a3263c3b6de892/8ef1aa8a-005c-4bf4-8266-e44bca3f7059.wav
Jason,Excited,5a7755df-0ef7-4e84-8652-b217a15b7fc7.wav,https://cvoiceprodeus.blob.core.windows.net/acc-public-files/285eecc3370e47dcb1a3263c3b6de892/5a7755df-0ef7-4e84-8652-b217a15b7fc7.wav
Jason,Friendly,0fc83ef5-bb0c-426b-b294-f79a21e9b62a.wav,https://cvoiceprodeus.blob.core.windows.net/acc-public-files/285eecc3370e47dcb1a3263c3b6de892/0fc83ef5-bb0c-426b-b294-f79a21e9b62a.wav
Jason,Hopeful,ea096c45-c72e-43de-aa56-ffa474e2aa67.wav,https://cvoiceprodeus.blob.core.windows.net/acc-public-files/285eecc3370e47dcb1a3263c3b6de892/ea096c45-c72e-43de-aa56-ffa474e2aa67.wav
Jason,Sad,750629cd-1c72-4308-81a9-8a3c584f9a73.wav,https://cvoiceprodeus.blob.core.windows.net/acc-public-files/285eecc3370e47dcb1a3263c3b6de892/750629cd-1c72-4308-81a9-8a3c584f9a73.wav
Jason,Shouting,7a88f237-991d-4471-b2fe-e284e227142c.wav,https://cvoiceprodeus.blob.core.windows.net/acc-public-files/285eecc3370e47dcb1a3263c3b6de892/7a88f237-991d-4471-b2fe-e284e227142c.wav
Jason,Terrified,0d6cee03-0056-4925-99c6-57d3cd99a8fe.wav,https://cvoiceprodeus.blob.core.windows.net/acc-public-files/285eecc3370e47dcb1a3263c3b6de892/0d6cee03-0056-4925-99c6-57d3cd99a8fe.wav
Jason,Unfriendly,c20b8639-bb74-4006-a949-aacc6fdfec7c.wav,https://cvoiceprodeus.blob.core.windows.net/acc-public-files/285eecc3370e47dcb1a3263c3b6de892/c20b8639-bb74-4006-a949-aacc6fdfec7c.wav
Jason,Whispering,b05fa7f4-b3ed-419f-ad01-163bba2f1265.wav,https://cvoiceprodeus.blob.core.windows.net/acc-public-files/285eecc3370e47dcb1a3263c3b6de892/b05fa7f4-b3ed-419f-ad01-163bba2f1265.wav
Michelle,Default,df72e65c-956b-4517-a23b-900b954513ff.wav,https://cvoiceprodeus.blob.core.windows.net/acc-public-files/285eecc3370e47dcb1a3263c3b6de892/df72e65c-956b-4517-a23b-900b954513ff.wav
Monica,Default,37e562db-024a-49a9-8be2-7b7f5ace4fd5.wav,https://cvoiceprodeus.blob.core.windows.net/acc-public-files/285eecc3370e47dcb1a3263c3b6de892/37e562db-024a-49a9-8be2-7b7f5ace4fd5.wav
Nancy,Default,10374874-07e2-4f50-898f-efd72c9f01bd.wav,https://cvoiceprodeus.blob.core.windows.net/acc-public-files/285eecc3370e47dcb1a3263c3b6de892/10374874-07e2-4f50-898f-efd72c9f01bd.wav
Nancy,Angry,aa50eea7-8eab-49cd-81ea-772ddd48beff.wav,https://cvoiceprodeus.blob.core.windows.net/acc-public-files/285eecc3370e47dcb1a3263c3b6de892/aa50eea7-8eab-49cd-81ea-772ddd48beff.wav
Nancy,Cheerful,aa9d9c4e-cd69-4b91-b0ef-d592a46a7c6a.wav,https://cvoiceprodeus.blob.core.windows.net/acc-public-files/285eecc3370e47dcb1a3263c3b6de892/aa9d9c4e-cd69-4b91-b0ef-d592a46a7c6a.wav
Nancy,Excited,ce45e337-ed9a-4a40-95b2-9cc61ef0fd65.wav,https://cvoiceprodeus.blob.core.windows.net/acc-public-files/285eecc3370e47dcb1a3263c3b6de892/ce45e337-ed9a-4a40-95b2-9cc61ef0fd65.wav
Nancy,Friendly,70db3c96-5641-4878-8bcc-d8e6be043b0d.wav,https://cvoiceprodeus.blob.core.windows.net/acc-public-files/285eecc3370e47dcb1a3263c3b6de892/70db3c96-5641-4878-8bcc-d8e6be043b0d.wav
Nancy,Hopeful,544cdf2d-3910-4ca7-b8d9-d6a9c94dcf32.wav,https://cvoiceprodeus.blob.core.windows.net/acc-public-files/285eecc3370e47dcb1a3263c3b6de892/544cdf2d-3910-4ca7-b8d9-d6a9c94dcf32.wav
Nancy,Sad,ac6db2a3-f792-4acb-9175-70d578c5fe70.wav,https://cvoiceprodeus.blob.core.windows.net/acc-public-files/285eecc3370e47dcb1a3263c3b6de892/ac6db2a3-f792-4acb-9175-70d578c5fe70.wav
Nancy,Shouting,10d89cdd-dc6d-41f8-b6a3-f6b847fe8e38.wav,https://cvoiceprodeus.blob.core.windows.net/acc-public-files/285eecc3370e47dcb1a3263c3b6de892/10d89cdd-dc6d-41f8-b6a3-f6b847fe8e38.wav
Nancy,Terrified,11b1ebf3-9a4a-49be-9ac8-3e28c8fd67d9.wav,https://cvoiceprodeus.blob.core.windows.net/acc-public-files/285eecc3370e47dcb1a3263c3b6de892/11b1ebf3-9a4a-49be-9ac8-3e28c8fd67d9.wav
Nancy,Unfriendly,0e66db3b-efd6-434c-848f-c0c177c69652.wav,https://cvoiceprodeus.blob.core.windows.net/acc-public-files/285eecc3370e47dcb1a3263c3b6de892/0e66db3b-efd6-434c-848f-c0c177c69652.wav
Nancy,Whispering,038c6c59-fdd5-4856-b3d5-2a9fc5313f9a.wav,https://cvoiceprodeus.blob.core.windows.net/acc-public-files/285eecc3370e47dcb1a3263c3b6de892/038c6c59-fdd5-4856-b3d5-2a9fc5313f9a.wav
Roger,Default,c4bbb612-8521-4792-a8f2-4442cb91a7ed.wav,https://cvoiceprodeus.blob.core.windows.net/acc-public-files/285eecc3370e47dcb1a3263c3b6de892/c4bbb612-8521-4792-a8f2-4442cb91a7ed.wav
Sara,Default,6c5ab473-82a7-4589-8a3a-b50f4efe717b.wav,https://cvoiceprodeus.blob.core.windows.net/acc-public-files/285eecc3370e47dcb1a3263c3b6de892/6c5ab473-82a7-4589-8a3a-b50f4efe717b.wav
Sara,Angry,3bcffded-482c-4ef2-9330-c1dc44938365.wav,https://cvoiceprodeus.blob.core.windows.net/acc-public-files/285eecc3370e47dcb1a3263c3b6de892/3bcffded-482c-4ef2-9330-c1dc44938365.wav
Sara,Cheerful,a7f87f25-9ab8-4171-9ddf-e4b4df824f83.wav,https://cvoiceprodeus.blob.core.windows.net/acc-public-files/285eecc3370e47dcb1a3263c3b6de892/a7f87f25-9ab8-4171-9ddf-e4b4df824f83.wav
Sara,Excited,57534e5b-494d-45b9-a4ef-ccbb1d5e1761.wav,https://cvoiceprodeus.blob.core.windows.net/acc-public-files/285eecc3370e47dcb1a3263c3b6de892/57534e5b-494d-45b9-a4ef-ccbb1d5e1761.wav
Sara,Friendly,1fc54564-99b9-4359-9ddf-4080b1177c17.wav,https://cvoiceprodeus.blob.core.windows.net/acc-public-files/285eecc3370e47dcb1a3263c3b6de892/1fc54564-99b9-4359-9ddf-4080b1177c17.wav
Sara,Hopeful,8a5fd3e2-2afe-462a-87a4-0e04e4b7b4fb.wav,https://cvoiceprodeus.blob.core.windows.net/acc-public-files/285eecc3370e47dcb1a3263c3b6de892/8a5fd3e2-2afe-462a-87a4-0e04e4b7b4fb.wav
Sara,Sad,6708da83-5065-437b-9950-a0c02626f161.wav,https://cvoiceprodeus.blob.core.windows.net/acc-public-files/285eecc3370e47dcb1a3263c3b6de892/6708da83-5065-437b-9950-a0c02626f161.wav
Sara,Shouting,bd1fc239-00c8-42dd-9024-8fa5921662bb.wav,https://cvoiceprodeus.blob.core.windows.net/acc-public-files/285eecc3370e47dcb1a3263c3b6de892/bd1fc239-00c8-42dd-9024-8fa5921662bb.wav
Sara,Terrified,b6073141-bf9c-400c-ad13-bc90513fe207.wav,https://cvoiceprodeus.blob.core.windows.net/acc-public-files/285eecc3370e47dcb1a3263c3b6de892/b6073141-bf9c-400c-ad13-bc90513fe207.wav
Sara,Unfriendly,0ccbf1e2-27b4-4890-a327-085147940936.wav,https://cvoiceprodeus.blob.core.windows.net/acc-public-files/285eecc3370e47dcb1a3263c3b6de892/0ccbf1e2-27b4-4890-a327-085147940936.wav
Sara,Whispering,8400e78c-9dec-48f5-b535-02900a531173.wav,https://cvoiceprodeus.blob.core.windows.net/acc-public-files/285eecc3370e47dcb1a3263c3b6de892/8400e78c-9dec-48f5-b535-02900a531173.wav
Steffan,Default,bc6680ba-7403-43ed-a81e-a115a62e9f67.wav,https://cvoiceprodeus.blob.core.windows.net/acc-public-files/285eecc3370e47dcb1a3263c3b6de892/bc6680ba-7403-43ed-a81e-a115a62e9f67.wav
Tony,Default,aa89b02f-9815-4414-8e40-b7b5f1a83bd2.wav,https://cvoiceprodeus.blob.core.windows.net/acc-public-files/285eecc3370e47dcb1a3263c3b6de892/aa89b02f-9815-4414-8e40-b7b5f1a83bd2.wav
Tony,Angry,0c617ada-dc08-41a4-8968-db50e052410b.wav,https://cvoiceprodeus.blob.core.windows.net/acc-public-files/285eecc3370e47dcb1a3263c3b6de892/0c617ada-dc08-41a4-8968-db50e052410b.wav
Tony,Cheerful,799617b0-ba0a-4e91-bfcf-acf4cd9667fb.wav,https://cvoiceprodeus.blob.core.windows.net/acc-public-files/285eecc3370e47dcb1a3263c3b6de892/799617b0-ba0a-4e91-bfcf-acf4cd9667fb.wav
Tony,Excited,c1630f5b-b484-4443-a17c-b4fc4bc4fc60.wav,https://cvoiceprodeus.blob.core.windows.net/acc-public-files/285eecc3370e47dcb1a3263c3b6de892/c1630f5b-b484-4443-a17c-b4fc4bc4fc60.wav
Tony,Friendly,167b4c36-4616-4a53-ac4d-71b001f7e9a2.wav,https://cvoiceprodeus.blob.core.windows.net/acc-public-files/285eecc3370e47dcb1a3263c3b6de892/167b4c36-4616-4a53-ac4d-71b001f7e9a2.wav
Tony,Hopeful,6d2b8732-197a-40b7-90ee-10850d426247.wav,https://cvoiceprodeus.blob.core.windows.net/acc-public-files/285eecc3370e47dcb1a3263c3b6de892/6d2b8732-197a-40b7-90ee-10850d426247.wav
Tony,Sad,9250d0d6-cbae-49f4-b14f-68310effc358.wav,https://cvoiceprodeus.blob.core.windows.net/acc-public-files/285eecc3370e47dcb1a3263c3b6de892/9250d0d6-cbae-49f4-b14f-68310effc358.wav
Tony,Shouting,da064edf-8f99-42e5-a95f-eeca1e9764d4.wav,https://cvoiceprodeus.blob.core.windows.net/acc-public-files/285eecc3370e47dcb1a3263c3b6de892/da064edf-8f99-42e5-a95f-eeca1e9764d4.wav
Tony,Terrified,8c083fda-a491-4d79-83d9-d08feeb69f0b.wav,https://cvoiceprodeus.blob.core.windows.net/acc-public-files/285eecc3370e47dcb1a3263c3b6de892/8c083fda-a491-4d79-83d9-d08feeb69f0b.wav
Tony,Unfriendly,0527df13-b7b8-4e5e-b33c-201492074df1.wav,https://cvoiceprodeus.blob.core.windows.net/acc-public-files/285eecc3370e47dcb1a3263c3b6de892/0527df13-b7b8-4e5e-b33c-201492074df1.wav
Tony,Whispering,2ec6818e-26e2-45da-a444-d6075bef8782.wav,https://cvoiceprodeus.blob.core.windows.net/acc-public-files/285eecc3370e47dcb1a3263c3b6de892/2ec6818e-26e2-45da-a444-d6075bef8782.wav
